ID,ClientID,ServiceId,StartTime,Comment
1,29,45,2019-04-27 13:50:00,
2,38,41,2019-05-31 08:20:00,
3,18,59,2019-09-20 17:30:00,
4,34,75,2019-10-17 17:50:00,
5,7,26,2019-07-12 16:30:00,
6,6,39,2019-09-06 12:40:00,
7,31,89,2019-09-28 18:40:00,
8,19,67,2019-09-11 13:10:00,
9,10,40,2019-06-21 11:40:00,
10,4,29,2019-12-20 13:30:00,
11,19,71,2019-03-19 12:30:00,
12,18,79,2019-12-23 17:00:00,
13,34,55,2019-01-17 16:00:00,
14,44,1,2019-12-18 16:30:00,
15,14,75,2019-01-22 14:40:00,
16,31,12,2019-09-07 18:10:00,
17,34,8,2019-01-01 08:50:00,
18,30,39,2019-06-24 16:40:00,
19,1,89,2019-04-28 08:30:00,
20,4,55,2019-06-13 15:40:00,
21,45,67,2019-12-25 08:00:00,
22,44,86,2019-10-07 14:00:00,
23,50,40,2019-05-22 15:50:00,
24,33,71,2019-10-05 13:30:00,
25,22,87,2019-01-27 08:10:00,
26,30,30,2019-11-15 17:30:00,
27,19,23,2019-05-06 16:40:00,
28,4,37,2019-02-13 09:00:00,
29,13,64,2019-05-20 14:40:00,
30,36,5,2019-01-19 13:50:00,
31,28,92,2019-06-07 08:50:00,
32,1,59,2019-03-21 11:50:00,
33,29,95,2019-08-04 12:30:00,
34,3,24,2019-01-11 19:10:00,
35,6,92,2019-05-26 08:20:00,
36,1,29,2019-05-04 16:00:00,
37,24,11,2019-07-23 13:30:00,
38,34,72,2019-01-04 18:40:00,
39,2,39,2019-10-12 19:10:00,
40,4,30,2019-10-24 15:00:00,
41,34,22,2019-05-29 14:00:00,
42,1,78,2019-09-20 11:20:00,
43,2,81,2019-05-07 15:10:00,
44,22,70,2019-09-11 14:40:00,
45,41,96,2019-11-26 11:30:00,
46,2,86,2019-03-28 09:20:00,
47,3,29,2019-01-17 18:00:00,
48,50,26,2019-01-28 15:20:00,
49,17,40,2019-06-22 16:10:00,
50,47,21,2019-12-15 10:10:00,
51,41,41,2019-06-07 12:40:00,
52,17,96,2019-09-14 16:20:00,
53,11,10,2019-11-04 12:30:00,
54,42,91,2019-02-26 15:40:00,
55,37,82,2019-09-13 11:50:00,
56,12,86,2019-11-22 10:40:00,
57,38,78,2019-12-09 09:00:00,
58,50,5,2019-10-31 08:40:00,
59,7,10,2019-08-31 11:40:00,
60,36,37,2019-06-24 17:40:00,
61,35,23,2019-11-29 14:00:00,
62,46,10,2019-08-25 19:50:00,
63,22,92,2019-11-13 11:00:00,
64,38,26,2019-07-30 11:20:00,
65,45,26,2019-05-25 19:00:00,
66,28,55,2019-06-26 19:30:00,
67,48,10,2019-11-06 11:20:00,
68,4,37,2019-04-29 16:10:00,
69,46,45,2019-10-21 19:10:00,
70,13,14,2019-06-23 09:40:00,
71,26,32,2019-11-09 11:40:00,
72,42,42,2019-10-02 19:10:00,
73,18,92,2019-06-07 19:40:00,
74,37,82,2019-01-17 11:00:00,
75,50,95,2019-01-11 16:40:00,
76,38,71,2019-11-13 09:00:00,
77,35,78,2019-10-10 08:10:00,
78,6,40,2019-03-01 16:00:00,
79,28,15,2019-07-21 14:30:00,
80,39,30,2019-12-21 13:40:00,
81,41,92,2019-10-01 12:20:00,
82,47,67,2019-08-19 17:10:00,
83,11,89,2019-03-01 15:00:00,
84,39,23,2019-05-11 14:50:00,
85,4,8,2019-12-21 19:00:00,
86,28,64,2019-01-30 10:50:00,
87,23,65,2019-03-09 16:30:00,
88,22,37,2019-08-08 18:20:00,
89,38,92,2019-03-04 14:20:00,
90,42,79,2019-06-17 10:20:00,
91,13,52,2019-02-11 09:10:00,
92,42,79,2019-02-01 12:20:00,
93,46,81,2019-12-11 09:50:00,
94,27,81,2019-01-13 18:10:00,
95,14,82,2019-03-23 08:30:00,
96,11,14,2019-10-02 14:10:00,
97,30,8,2019-01-20 09:20:00,
98,12,82,2019-01-27 12:50:00,
99,46,48,2019-05-19 08:00:00,
100,8,75,2019-11-30 19:10:00,
